{"cameraMode":{"drawMode":0,"name":"Shaded","section":"Shading Mode"},"sceneLighting":true,"audioPlay":false,"sceneViewState":{"m_AlwaysRefresh":false,"showFog":true,"showSkybox":true,"showFlares":true,"showImageEffects":true,"showParticleSystems":true,"showVisualEffectGraphs":true,"m_FxEnabled":true},"in2DMode":false,"pivot":{"x":-15.74446964263916,"y":11.914759635925293,"z":-31.822751998901368},"rotation":{"x":-0.3049659729003906,"y":-0.14721833169460298,"z":0.04778393730521202,"w":-0.9397101402282715},"size":52.171119689941409,"orthographic":false}